{"cameraMode":{"drawMode":0,"name":"Shaded","section":"Shading Mode"},"sceneLighting":true,"audioPlay":false,"sceneViewState":{"showFog":true,"showMaterialUpdate":false,"showSkybox":true,"showFlares":true,"showImageEffects":true,"showParticleSystems":true},"in2DMode":false,"pivot":{"x":4.2921366691589359,"y":17.60584259033203,"z":1.5359430313110352},"rotation":{"x":-0.19555073976516725,"y":-0.6006360650062561,"z":0.1545712649822235,"w":-0.7597714066505432},"size":10.0,"orthographic":false}